experiment_name,model_type,embedding_type,embedding_dim,rnn_units,dropout,val_accuracy,val_loss,macro_f1,training_time,epochs_trained,best_val_accuracy,per_class_f1
bilstm_glove50,bilstm,glove,50,128,0.2,0.8683683683683684,0.33996880054473877,0.8428730730149409,984.4505562782288,50,0.8728728890419006,"[0.8974600188146754, 0.8931591083781706, 0.8111888111888111, 0.8833922261484098, 0.8082191780821918, 0.7638190954773869]"
lstm_glove50_baseline,lstm,glove,50,128,0.2,0.8333333333333334,0.4523036777973175,0.8201462310715629,1051.6191375255585,50,0.8448448181152344,"[0.8670520231213873, 0.8515007898894155, 0.7422222222222222, 0.8283828382838284, 0.8044943820224719, 0.8272251308900523]"
lstm_glove50_dropout05,lstm,glove,50,128,0.5,0.7942942942942943,0.5220802426338196,0.7755710021301465,1052.3606050014496,50,0.8058058023452759,"[0.8279352226720648, 0.8202614379084967, 0.7407407407407407, 0.8105436573311368, 0.72, 0.7339449541284404]"
lstm_glove50_256units,lstm,glove,50,256,0.2,0.35135135135135137,1.7885445356369019,0.08676307007786428,967.4434711933136,25,0.3513513505458832,"[0.0, 0.5205784204671857, 0.0, 0.0, 0.0, 0.0]"
gru_word2vec_baseline,gru,word2vec,50,128,0.2,0.2752752752752753,1.7926616668701172,0.07770194238930872,515.4906439781189,28,0.3498498499393463,"[0.432753164556962, 0.0028368794326241137, 0.0, 0.0070921985815602835, 0.0, 0.023529411764705882]"
lstm_word2vec_baseline,lstm,word2vec,50,128,0.2,0.21621621621621623,1.6339924335479736,0.1865604397486924,1033.3548011779785,50,0.27077075839042664,"[0.007142857142857143, 0.2809917355371901, 0.30547550432276654, 0.12058212058212059, 0.31403118040089084, 0.09113924050632911]"
gru_glove50_baseline,gru,glove,50,128,0.2,0.1066066066066066,1.7937517166137695,0.03297088100691412,364.46026945114136,19,0.3433433473110199,"[0.0, 0.005657708628005658, 0.0, 0.0, 0.19216757741347906, 0.0]"
