{
  "experiment_name": "bilstm_glove50",
  "model_type": "bilstm",
  "embedding_type": "glove",
  "embedding_dim": 50,
  "rnn_units": 128,
  "dropout": 0.2,
  "val_accuracy": 0.8683683683683684,
  "val_loss": 0.33996880054473877,
  "macro_f1": 0.8428730730149409,
  "training_time": 984.4505562782288,
  "epochs_trained": 50,
  "best_val_accuracy": 0.8728728890419006,
  "per_class_f1": [
    0.8974600188146754,
    0.8931591083781706,
    0.8111888111888111,
    0.8833922261484098,
    0.8082191780821918,
    0.7638190954773869
  ]
}