{
  "experiment_name": "gru_glove50_baseline",
  "model_type": "gru",
  "embedding_type": "glove",
  "embedding_dim": 50,
  "rnn_units": 128,
  "dropout": 0.2,
  "val_accuracy": 0.1066066066066066,
  "val_loss": 1.7937517166137695,
  "macro_f1": 0.03297088100691412,
  "training_time": 364.46026945114136,
  "epochs_trained": 19,
  "best_val_accuracy": 0.3433433473110199,
  "per_class_f1": [
    0.0,
    0.005657708628005658,
    0.0,
    0.0,
    0.19216757741347906,
    0.0
  ]
}