{
  "experiment_name": "lstm_glove50_baseline",
  "model_type": "lstm",
  "embedding_type": "glove",
  "embedding_dim": 50,
  "rnn_units": 128,
  "dropout": 0.2,
  "val_accuracy": 0.8333333333333334,
  "val_loss": 0.4523036777973175,
  "macro_f1": 0.8201462310715629,
  "training_time": 1051.6191375255585,
  "epochs_trained": 50,
  "best_val_accuracy": 0.8448448181152344,
  "per_class_f1": [
    0.8670520231213873,
    0.8515007898894155,
    0.7422222222222222,
    0.8283828382838284,
    0.8044943820224719,
    0.8272251308900523
  ]
}