{
  "val_accuracy": 0.34887218045112783,
  "val_loss": 1.788435459136963,
  "macro_precision": 0.2048638055610984,
  "macro_recall": 0.1679308757086535,
  "macro_f1": 0.09327490603293602,
  "per_class_precision": [
    0.5,
    0.352371239163692,
    0.0,
    0.3333333333333333,
    0.0,
    0.043478260869565216
  ],
  "per_class_recall": [
    0.0036363636363636364,
    0.9843304843304843,
    0.0,
    0.007272727272727273,
    0.0,
    0.012345679012345678
  ],
  "per_class_f1": [
    0.007220216606498195,
    0.5189635749155088,
    0.0,
    0.014234875444839857,
    0.0,
    0.019230769230769232
  ],
  "training_time": 122.32374358177185
}