,Precision,Recall,F1-Score
sadness,0.5,0.0036363636363636364,0.007220216606498195
joy,0.352371239163692,0.9843304843304843,0.5189635749155088
love,0.0,0.0,0.0
anger,0.3333333333333333,0.007272727272727273,0.014234875444839857
fear,0.0,0.0,0.0
surprise,0.043478260869565216,0.012345679012345678,0.019230769230769232
