{
  "experiment_name": "batch_size_batch_size_128",
  "model_type": "gru",
  "embedding_type": "glove",
  "embedding_dim": 100,
  "rnn_units": 128,
  "dropout": 0.2,
  "val_accuracy": 0.35585585585585583,
  "val_loss": 1.4599506855010986,
  "macro_f1": 0.29163539385384124,
  "training_time": 487.08434796333313,
  "epochs_trained": 50,
  "best_val_accuracy": 0.36636635661125183,
  "per_class_f1": [
    0.3669141039236479,
    0.5395996518711923,
    0.43728813559322033,
    0.046052631578947366,
    0.16706443914081145,
    0.19289340101522842
  ]
}