{
  "experiment_name": "batch_size_batch_size_32",
  "model_type": "gru",
  "embedding_type": "glove",
  "embedding_dim": 100,
  "rnn_units": 128,
  "dropout": 0.2,
  "val_accuracy": 0.3433433433433433,
  "val_loss": 1.798567295074463,
  "macro_f1": 0.09037846428702827,
  "training_time": 432.30497574806213,
  "epochs_trained": 24,
  "best_val_accuracy": 0.3433433473110199,
  "per_class_f1": [
    0.0,
    0.5170325510976533,
    0.0,
    0.007220216606498195,
    0.018018018018018018,
    0.0
  ]
}