{
  "experiment_name": "batch_size_batch_size_16",
  "model_type": "gru",
  "embedding_type": "glove",
  "embedding_dim": 100,
  "rnn_units": 128,
  "dropout": 0.2,
  "val_accuracy": 0.35135135135135137,
  "val_loss": 1.7938587665557861,
  "macro_f1": 0.09062342773614844,
  "training_time": 555.4683609008789,
  "epochs_trained": 18,
  "best_val_accuracy": 0.3513513505458832,
  "per_class_f1": [
    0.0,
    0.519644180874722,
    0.0,
    0.0,
    0.0,
    0.024096385542168676
  ]
}