{
  "experiment_name": "epochs_epochs_25",
  "model_type": "gru",
  "embedding_type": "glove",
  "embedding_dim": 100,
  "rnn_units": 128,
  "dropout": 0.2,
  "val_accuracy": 0.10510510510510511,
  "val_loss": 1.798626184463501,
  "macro_f1": 0.032802538180842646,
  "training_time": 358.79698157310486,
  "epochs_trained": 19,
  "best_val_accuracy": 0.33733734488487244,
  "per_class_f1": [
    0.007207207207207207,
    0.0,
    0.0,
    0.0,
    0.18960802187784867,
    0.0
  ]
}