{
  "experiment_name": "learning_rate_learning_rate_0.0001",
  "model_type": "gru",
  "embedding_type": "glove",
  "embedding_dim": 100,
  "rnn_units": 128,
  "dropout": 0.2,
  "val_accuracy": 0.05105105105105105,
  "val_loss": 1.7913771867752075,
  "macro_f1": 0.029586531673235498,
  "training_time": 565.1545116901398,
  "epochs_trained": 30,
  "best_val_accuracy": 0.34384384751319885,
  "per_class_f1": [
    0.059800664451827246,
    0.002840909090909091,
    0.028037383177570093,
    0.007042253521126761,
    0.0,
    0.0797979797979798
  ]
}