{
  "experiment_name": "learning_rate_learning_rate_0.01",
  "model_type": "gru",
  "embedding_type": "glove",
  "embedding_dim": 100,
  "rnn_units": 128,
  "dropout": 0.2,
  "val_accuracy": 0.9204204204204204,
  "val_loss": 0.2212161421775818,
  "macro_f1": 0.9020806277836297,
  "training_time": 939.3162145614624,
  "epochs_trained": 50,
  "best_val_accuracy": 0.9214214086532593,
  "per_class_f1": [
    0.953081876724931,
    0.9309309309309309,
    0.88,
    0.9228070175438596,
    0.863961813842482,
    0.8617021276595744
  ]
}