{
  "experiment_name": "lstm_learning_rate_learning_rate_0.0001",
  "model_type": "lstm",
  "embedding_type": "glove",
  "embedding_dim": 100,
  "rnn_units": 128,
  "dropout": 0.2,
  "val_accuracy": 0.6546546546546547,
  "val_loss": 0.900414228439331,
  "macro_f1": 0.6459476658325575,
  "training_time": 1066.7869992256165,
  "epochs_trained": 50,
  "best_val_accuracy": 0.66266268491745,
  "per_class_f1": [
    0.6008583690987125,
    0.7213114754098361,
    0.5740402193784278,
    0.6932907348242812,
    0.647887323943662,
    0.6382978723404256
  ]
}