{
  "experiment_name": "lstm_rnn_units_rnn_units_256",
  "model_type": "lstm",
  "embedding_type": "glove",
  "embedding_dim": 100,
  "rnn_units": 256,
  "dropout": 0.2,
  "val_accuracy": 0.9109109109109109,
  "val_loss": 0.24712513387203217,
  "macro_f1": 0.8925106162973212,
  "training_time": 2037.8150794506073,
  "epochs_trained": 50,
  "best_val_accuracy": 0.9109109044075012,
  "per_class_f1": [
    0.9322344322344323,
    0.9274495138369484,
    0.8636363636363636,
    0.9247706422018349,
    0.8604118993135011,
    0.8465608465608465
  ]
}