{
  "experiment_name": "lstm_dropout_dropout_0.2",
  "model_type": "lstm",
  "embedding_type": "glove",
  "embedding_dim": 100,
  "rnn_units": 128,
  "dropout": 0.2,
  "val_accuracy": 0.501001001001001,
  "val_loss": 1.1612755060195923,
  "macro_f1": 0.4517371328029694,
  "training_time": 1122.5819084644318,
  "epochs_trained": 50,
  "best_val_accuracy": 0.5010010004043579,
  "per_class_f1": [
    0.5369978858350951,
    0.6238532110091743,
    0.45109780439121755,
    0.45180722891566266,
    0.19428571428571428,
    0.4523809523809524
  ]
}