{
  "experiment_name": "lstm_batch_size_batch_size_32",
  "model_type": "lstm",
  "embedding_type": "glove",
  "embedding_dim": 100,
  "rnn_units": 128,
  "dropout": 0.2,
  "val_accuracy": 0.9159159159159159,
  "val_loss": 0.22228997945785522,
  "macro_f1": 0.8974943373776446,
  "training_time": 1048.8699884414673,
  "epochs_trained": 50,
  "best_val_accuracy": 0.9159159064292908,
  "per_class_f1": [
    0.9432558139534883,
    0.9350073855243722,
    0.8711340206185567,
    0.900523560209424,
    0.8687350835322196,
    0.8663101604278075
  ]
}