{
  "experiment_name": "lstm_rnn_units_rnn_units_64",
  "model_type": "lstm",
  "embedding_type": "glove",
  "embedding_dim": 100,
  "rnn_units": 64,
  "dropout": 0.2,
  "val_accuracy": 0.38538538538538536,
  "val_loss": 1.7946521043777466,
  "macro_f1": 0.15498116825081723,
  "training_time": 320.91414308547974,
  "epochs_trained": 19,
  "best_val_accuracy": 0.3853853940963745,
  "per_class_f1": [
    0.00718132854578097,
    0.6401551891367604,
    0.0,
    0.0,
    0.2584541062801932,
    0.024096385542168676
  ]
}