{
  "experiment_name": "lstm_optimal_combination_rnn_units128_dropout0.0_batch_size64_learning_rate0.001_epochs25",
  "model_type": "lstm",
  "embedding_type": "glove",
  "embedding_dim": 100,
  "rnn_units": 128,
  "dropout": 0.0,
  "val_accuracy": 0.8748748748748749,
  "val_loss": 0.38018110394477844,
  "macro_f1": 0.8552294058197981,
  "training_time": 336.4873671531677,
  "epochs_trained": 25,
  "best_val_accuracy": 0.8783783912658691,
  "per_class_f1": [
    0.9117647058823529,
    0.8882035466461063,
    0.7962085308056872,
    0.8712522045855379,
    0.851764705882353,
    0.8121827411167513
  ]
}