{
  "experiment_name": "lstm_dropout_dropout_0.0",
  "model_type": "lstm",
  "embedding_type": "glove",
  "embedding_dim": 100,
  "rnn_units": 128,
  "dropout": 0.0,
  "val_accuracy": 0.9119119119119119,
  "val_loss": 0.46276727318763733,
  "macro_f1": 0.8912973430659125,
  "training_time": 901.5092575550079,
  "epochs_trained": 41,
  "best_val_accuracy": 0.9169169068336487,
  "per_class_f1": [
    0.9387387387387387,
    0.9330389992641648,
    0.8534031413612565,
    0.8976660682226212,
    0.8661800486618005,
    0.8587570621468926
  ]
}