{
  "experiment_name": "lstm_dropout_dropout_0.4",
  "model_type": "lstm",
  "embedding_type": "glove",
  "embedding_dim": 100,
  "rnn_units": 128,
  "dropout": 0.4,
  "val_accuracy": 0.8498498498498499,
  "val_loss": 0.40475961565971375,
  "macro_f1": 0.8271969955992883,
  "training_time": 1036.6915595531464,
  "epochs_trained": 50,
  "best_val_accuracy": 0.8538538813591003,
  "per_class_f1": [
    0.892422825070159,
    0.8643933386201428,
    0.7612612612612613,
    0.8845470692717584,
    0.7876106194690266,
    0.7729468599033816
  ]
}