{
  "experiment_name": "lstm_epochs_epochs_50",
  "model_type": "lstm",
  "embedding_type": "glove",
  "embedding_dim": 100,
  "rnn_units": 128,
  "dropout": 0.2,
  "val_accuracy": 0.37537537537537535,
  "val_loss": 1.5632705688476562,
  "macro_f1": 0.17067222940791824,
  "training_time": 440.7585356235504,
  "epochs_trained": 21,
  "best_val_accuracy": 0.39939939975738525,
  "per_class_f1": [
    0.007220216606498195,
    0.7263157894736842,
    0.0,
    0.007067137809187279,
    0.28343023255813954,
    0.0
  ]
}