{
  "experiment_name": "lstm_batch_size_batch_size_64",
  "model_type": "lstm",
  "embedding_type": "glove",
  "embedding_dim": 100,
  "rnn_units": 128,
  "dropout": 0.2,
  "val_accuracy": 0.924924924924925,
  "val_loss": 0.19616462290287018,
  "macro_f1": 0.9050537548304177,
  "training_time": 780.6290302276611,
  "epochs_trained": 50,
  "best_val_accuracy": 0.924924910068512,
  "per_class_f1": [
    0.9574074074074074,
    0.9360119047619048,
    0.8635235732009926,
    0.9418181818181818,
    0.8744186046511628,
    0.8571428571428571
  ]
}