{
  "experiment_name": "model_architecture_model_type_bilstm",
  "model_type": "bilstm",
  "embedding_type": "glove",
  "embedding_dim": 100,
  "rnn_units": 128,
  "dropout": 0.2,
  "val_accuracy": 0.9114114114114115,
  "val_loss": 0.23407866060733795,
  "macro_f1": 0.8893606658752672,
  "training_time": 935.4308638572693,
  "epochs_trained": 50,
  "best_val_accuracy": 0.913913905620575,
  "per_class_f1": [
    0.9383624655013799,
    0.9283582089552239,
    0.865,
    0.9171075837742504,
    0.8605200945626478,
    0.8268156424581006
  ]
}