{
  "experiment_name": "rnn_units_rnn_units_64",
  "model_type": "gru",
  "embedding_type": "glove",
  "embedding_dim": 100,
  "rnn_units": 64,
  "dropout": 0.2,
  "val_accuracy": 0.2827827827827828,
  "val_loss": 1.7923887968063354,
  "macro_f1": 0.12196938340200424,
  "training_time": 466.93802428245544,
  "epochs_trained": 30,
  "best_val_accuracy": 0.3488488495349884,
  "per_class_f1": [
    0.40810276679841895,
    0.25932504440497334,
    0.0,
    0.014388489208633094,
    0.0,
    0.05
  ]
}