{
  "experiment_name": "rnn_units_rnn_units_256",
  "model_type": "gru",
  "embedding_type": "glove",
  "embedding_dim": 100,
  "rnn_units": 256,
  "dropout": 0.2,
  "val_accuracy": 0.34784784784784784,
  "val_loss": 1.8013248443603516,
  "macro_f1": 0.09044837854564476,
  "training_time": 706.5510499477386,
  "epochs_trained": 20,
  "best_val_accuracy": 0.3478478491306305,
  "per_class_f1": [
    0.0,
    0.5173831775700934,
    0.0,
    0.007042253521126761,
    0.0182648401826484,
    0.0
  ]
}