{
  "val_accuracy": 0.9092731829573935,
  "val_loss": 0.23141342401504517,
  "macro_precision": 0.8627769325203166,
  "macro_recall": 0.9239679312844932,
  "macro_f1": 0.8845594404507735,
  "per_class_precision": [
    0.9624765478424016,
    0.9854838709677419,
    0.7379912663755459,
    0.8548895899053628,
    0.9340659340659341,
    0.7017543859649122
  ],
  "per_class_recall": [
    0.9327272727272727,
    0.8703703703703703,
    0.9657142857142857,
    0.9854545454545455,
    0.8018867924528302,
    0.9876543209876543
  ],
  "per_class_f1": [
    0.9473684210526315,
    0.924357034795764,
    0.8366336633663366,
    0.9155405405405406,
    0.8629441624365483,
    0.8205128205128205
  ],
  "training_time": 1058.713683605194
}